2015-03-22	-	-	-	-	-	O1	O2
2015-03-29	O3	-	O4	-	O5	-	O1
2015-04-05	M1	-	O4	O5	-	O2	O1
2015-04-12	M1	-	O4	O5	O3	O2	O1
2015-04-19	M1	-	O4	O5	-	O2	O1
2015-04-26	M1	-	O4	O5	M2	O2	O1
2015-05-03	M1	O4	O5	M2	-	O2	O1
2015-05-10	M1	-	O4	M3	-	-	O2
2015-05-17	O1	-	O4	O5	M2	M4	O2
2015-05-24	O1	-	O4	O5	M2	M4	O2
2015-05-31	O1	-	O4	O5	M2	M4	O2
2015-06-07	O1	-	O4	O5	M2	M4	O2
2015-06-14	O1	-	-	-	-	M1	O5
2015-06-21	M2	-	O1	O4	-	M4	-
2015-06-28	O5	-	O1	-	M2	M4	O4
2015-07-05	O5	-	O1	-	M2	M4	O4
2015-07-12	O5	-	O1	M2	-	-	-
2015-07-19	-	O1	M1	O4	-	O5	M4
2015-07-26	M2	-	O1	M1	-	O2	M2
2015-08-02	O5	-	O1	M4	M1	O2	M2
2015-08-09	M5	-	-	M4	M1	O2	M2
2015-08-16	M5	-	O1	M4	M1	-	O2
2015-08-23	M5	-	O1	M4	M1	O2	M6
2015-08-30	-	M5	O1	M2	-	M4	M1
2015-09-06	O3	-	O1	M2	-	-	O2
2015-09-13	M6	O1	M1	-	-	O4	M2
2015-09-20	O1	M1	M6	O2	-	-	O1
2015-09-27	M3	M1	O2	M6	O1	M4	M3
2015-10-04	M1	M7	O1

O1則本
O2レイ
O3横山
O4塩見
O5美馬

M1戸村
M2菊池
M3森
M4辛島
M5川井
M6釜田
M7安樂

