 	日	月	火	水	木	金	土
2015-03-22	-	-	-	-	-	O1	O2
2015-03-29	O3	-	O4	O5	O6	O1	O2
2015-04-05	O3	-	O4	O5	O6	-	O1
2015-04-12	O3	-	O2	O5	O6	O1	O4
2015-04-19	O3	-	O2	O1	-	-	O3
2015-04-26	O4	-	O1	O2	O5	-	O3
2015-05-03	O4	O1	O2	O6	-	O3	O4
2015-05-10	O1	-	-	O2	O3	M1	O4
2015-05-17	O6	-	O2	O3	M2	M1	O4
2015-05-24	M3	-	O2	O3	M1	O1	M2
2015-05-31	O4	-	O2	O3	M3	-	O1
2015-06-07	O4	-	O2	O3	M3	O1	M2
2015-06-14	O4	-	O2	-	-	-	O1
2015-06-21	O3	-	O2	O4	-	-	O1
2015-06-28	O3	-	O2	M3	O4	O1	M4
2015-07-05	O3	-	O2	O4	M5	O1	O3
2015-07-12	O2	-	O4	O1	-	-	-
2015-07-19	-	O2	O1	O4	-	O3	O6
2015-07-26	O1	-	O2	O4	-	O3	O1
2015-08-02	O6	-	O2	O4	M3	O1	O3
2015-08-09	O6	-	O4	O1	M5	O3	O2
2015-08-16	O6	-	O1	O4	O3	O2	O6
2015-08-23	O1	-	-	O4	O2	O3	O1
2015-08-30	O6	-	-	O2	O3	O1	O4
2015-09-06	O6	-	-	O3	O1	O2	O4
2015-09-13	O6	-	O3	-	-	O1	O4
2015-09-20	O2	O3	O6	O1	M5	O4	O2
2015-09-27	O6	O3	O1	-	-	O2	-
2015-10-04	O3

O1メッセンジャー
O2岩田
O3藤浪
O4能見
O5岩本
O6岩崎

M1サンティアゴ
M2横山
M3岩貞
M4山本
M5秋山

